org_id,name,type,location,facilities,related_product,related_material
1,MedicoOne,Public,perth,MedicoOne_facility1;MedicoOne_facility2;MedicoOne_facility3,MedicoOne_Masks1;MedicoOne_Masks2;MedicoOne_Masks3;MedicoOne_PPE1;MedicoOne_Sanitizer1,MedicoOneFabric1;MedicoOneFabric2
2,LifeCorpTwo,Private,sydney,LifeCorpTwo_facility1;LifeCorpTwo_facility2,LifeCorpTwo_Masks1;LifeCorpTwo_Masks2;LifeCorpTwo_Syringe1;LifeCorpTwo_Syringe2;LifeCorpTwo_Syringe3,LifeCorpTwoPlastic1;LifeCorpTwoPlastic2;LifeCorpTwoAlcohol1;LifeCorpTwoAlcohol2